{
  "hs_0_1": [true],
  "hs_1_1": [false],
  "hs_2_1": [false],
  "g1s_0_1": [1.3901444673538208],
  "g1s_1_1": [-0.4779500365257263],
  "g1s_2_1": [-0.6092356443405151],
  "g2s_0_1": [2.422454833984375],
  "g2s_1_1": [-1.7620832920074463],
  "g2s_2_1": [-2.9136955738067627],
  "gs_0_1": [3.8125991821289062],
  "gs_1_1": [-2.2400333881378174],
  "gs_2_1": [-3.5229310989379883],
  "x00_0_1": [true],
  "x00_1_1": [true],
  "x00_2_1": [false],
  "x10_0_1": [false],
  "x10_1_1": [true],
  "x10_2_1": [true],
  "x01_0_1": [false],
  "x01_1_1": [true],
  "x01_2_1": [false],
  "x11_0_1": [true],
  "x11_1_1": [false],
  "x11_2_1": [false],
  "hs_0_2": [false],
  "hs_1_2": [false],
  "hs_2_2": [true],
  "g1s_0_2": [-2.168566942214966],
  "g1s_1_2": [-1.0996756553649902],
  "g1s_2_2": [0.4729498028755188],
  "g2s_0_2": [-3.5476222038269043],
  "g2s_1_2": [-2.6637420654296875],
  "g2s_2_2": [3.8107259273529053],
  "gs_0_2": [-5.716189384460449],
  "gs_1_2": [-3.7634177207946777],
  "gs_2_2": [4.283675670623779],
  "x00_0_2": [false],
  "x00_1_2": [false],
  "x00_2_2": [true],
  "x10_0_2": [false],
  "x10_1_2": [false],
  "x10_2_2": [true],
  "x01_0_2": [true],
  "x01_1_2": [false],
  "x01_2_2": [false],
  "x11_0_2": [false],
  "x11_1_2": [false],
  "x11_2_2": [true],
  "hs_0_3": [false],
  "hs_1_3": [true],
  "hs_2_3": [false],
  "g1s_0_3": [-1.673119068145752],
  "g1s_1_3": [1.4124064445495605],
  "g1s_2_3": [-1.3314279317855835],
  "g2s_0_3": [-3.0589988231658936],
  "g2s_1_3": [3.0261125564575195],
  "g2s_2_3": [-2.0177900791168213],
  "gs_0_3": [-4.732117652893066],
  "gs_1_3": [4.43851900100708],
  "gs_2_3": [-3.3492178916931152],
  "x00_0_3": [false],
  "x00_1_3": [false],
  "x00_2_3": [true],
  "x10_0_3": [true],
  "x10_1_3": [false],
  "x10_2_3": [false],
  "x01_0_3": [true],
  "x01_1_3": [true],
  "x01_2_3": [false],
  "x11_0_3": [false],
  "x11_1_3": [true],
  "x11_2_3": [true],
  "hs_0_4": [false],
  "hs_1_4": [false],
  "hs_2_4": [false],
  "g1s_0_4": [0.09228801727294922],
  "g1s_1_4": [0.20079636573791504],
  "g1s_2_4": [-0.9019620418548584],
  "g2s_0_4": [-2.063602924346924],
  "g2s_1_4": [-3.0667810440063477],
  "g2s_2_4": [-2.363227367401123],
  "gs_0_4": [-1.9713149070739746],
  "gs_1_4": [-2.8659846782684326],
  "gs_2_4": [-3.2651894092559814],
  "x00_0_4": [false],
  "x00_1_4": [false],
  "x00_2_4": [true],
  "x10_0_4": [true],
  "x10_1_4": [true],
  "x10_2_4": [false],
  "x01_0_4": [true],
  "x01_1_4": [false],
  "x01_2_4": [false],
  "x11_0_4": [false],
  "x11_1_4": [false],
  "x11_2_4": [false],
  "hs_0_5": [false],
  "hs_1_5": [false],
  "hs_2_5": [false],
  "g1s_0_5": [0.5699645280838013],
  "g1s_1_5": [-0.7619267106056213],
  "g1s_2_5": [-2.6722397804260254],
  "g2s_0_5": [0.44145631790161133],
  "g2s_1_5": [-4.589829921722412],
  "g2s_2_5": [-3.729513168334961],
  "gs_0_5": [1.0114208459854126],
  "gs_1_5": [-5.351756572723389],
  "gs_2_5": [-6.401752948760986],
  "x00_0_5": [false],
  "x00_1_5": [true],
  "x00_2_5": [true],
  "x10_0_5": [false],
  "x10_1_5": [false],
  "x10_2_5": [true],
  "x01_0_5": [false],
  "x01_1_5": [false],
  "x01_2_5": [true],
  "x11_0_5": [true],
  "x11_1_5": [false],
  "x11_2_5": [false]
}