{
  "pop1": [0.8032760620117188],
  "o00_1": [false],
  "o10_1": [false],
  "o01_1": [true],
  "o11_1": [true],
  "pop2": [0.17483338713645935],
  "o00_2": [false],
  "o10_2": [false],
  "o01_2": [true],
  "o11_2": [true],
  "pop3": [-0.5175350904464722],
  "o00_3": [true],
  "o10_3": [true],
  "o01_3": [false],
  "o11_3": [true],
  "pop4": [-0.41864654421806335],
  "o00_4": [false],
  "o10_4": [false],
  "o01_4": [false],
  "o11_4": [false],
  "pop5": [0.5220499634742737],
  "o00_5": [true],
  "o10_5": [true],
  "o01_5": [true],
  "o11_5": [true]
}