{
  "a1": [true],
  "b1": [true],
  "c1": [false],
  "d1": [true],

  "e1": [0.8943142367151593],
  "f1": [1.8226205103655067],
  "g1": [2.060002370399325],

  "a2": [false],
  "b2": [false],
  "c2": [false],
  "d2": [false],

  "e2": [1.8613058987428004],
  "f2": [-0.02190908448796412],
  "g2": [2.2817080045046287],

  "a3": [true],
  "b3": [true],
  "c3": [true],
  "d3": [true],

  "e3": [0.21825492525599471],
  "f3": [1.9586292592587702],
  "g3": [2.61754320561853],

  "a4": [false],
  "b4": [true],
  "c4": [false],
  "d4": [false],

  "e4": [0.04824873403600431],
  "f4": [-0.23860901517975133],
  "g4": [0.6644262506827272],

  "a5": [false],
  "b5": [true],
  "c5": [false],
  "d5": [true],

  "e5": [-0.9317463516822454],
  "f5": [1.6864996615880763],
  "g5": [0.779770130994261]
}
