{
  "pop1": [
    0.8032760620117188,
    0.17483338713645935,
    -0.5175350904464722,
    -0.41864654421806335,
    0.5220499634742737,
    1.2379167079925537,
    0.42201027274131775,
    0.25692442059516907,
    -0.6779621839523315,
    -1.0591074228286743,
    0.9174729585647583,
    0.539738655090332,
    0.154415100812912,
    -0.24799016118049622,
    0.40971654653549194,
    -0.4924868941307068,
    -0.9394968152046204,
    -0.32357826828956604,
    -1.0090070962905884,
    1.028834342956543
  ],
  "x00_1": [
    false,
    false,
    true,
    false,
    true,
    false,
    true,
    true,
    false,
    false,
    false,
    false,
    true,
    true,
    false,
    false,
    false,
    true,
    false,
    false
  ],
  "x10_1": [
    false,
    false,
    true,
    false,
    true,
    true,
    true,
    true,
    true,
    false,
    true,
    true,
    true,
    false,
    false,
    false,
    false,
    true,
    true,
    true
  ],
  "x01_1": [
    true,
    true,
    false,
    false,
    true,
    true,
    true,
    true,
    true,
    true,
    false,
    false,
    true,
    false,
    false,
    false,
    true,
    true,
    false,
    true
  ],
  "x11_1": [
    true,
    true,
    true,
    false,
    true,
    true,
    true,
    true,
    true,
    true,
    true,
    true,
    true,
    false,
    false,
    false,
    true,
    true,
    true,
    true
  ],
  "pop2": [
    -0.4447023272514343,
    -0.9508788585662842,
    -0.07530274987220764,
    -0.9121716618537903,
    0.6113075613975525,
    0.6764460802078247,
    -0.08291513472795486,
    -0.12547993659973145,
    0.3791847825050354,
    0.49484995007514954,
    0.77995765209198,
    1.122883915901184,
    0.13304275274276733,
    -0.47080329060554504,
    0.8533613085746765,
    0.04449484497308731,
    -1.2311726808547974,
    -0.018045790493488312,
    0.7185760140419006,
    -1.49433434009552
  ],
  "x00_2": [
    false,
    false,
    true,
    false,
    true,
    false,
    true,
    false,
    false,
    true,
    false,
    false,
    true,
    false,
    false,
    false,
    false,
    false,
    false,
    false
  ],
  "x10_2": [
    true,
    true,
    false,
    false,
    false,
    false,
    false,
    true,
    false,
    false,
    false,
    true,
    false,
    true,
    true,
    true,
    false,
    false,
    false,
    false
  ],
  "x01_2": [
    true,
    false,
    true,
    true,
    true,
    true,
    false,
    true,
    true,
    false,
    true,
    false,
    true,
    true,
    false,
    false,
    true,
    true,
    false,
    true
  ],
  "x11_2": [
    true,
    true,
    true,
    true,
    true,
    true,
    false,
    true,
    true,
    false,
    true,
    true,
    true,
    true,
    true,
    true,
    true,
    true,
    false,
    true
  ],
  "pop3": [
    -0.4028051793575287,
    0.46234405040740967,
    -0.41053342819213867,
    2.068117618560791,
    -1.0159374475479126,
    0.17421980202198029,
    -0.298772931098938,
    -0.285043329000473,
    0.3352053165435791,
    -1.1114306449890137,
    0.03382042050361633,
    -1.8181411027908325,
    -0.21553468704223633,
    -1.1236783266067505,
    0.23635712265968323,
    0.5627139210700989,
    -0.32165461778640747,
    -1.5330123901367188,
    0.0965990498661995,
    0.6750209331512451
  ],
  "x00_3": [
    false,
    true,
    true,
    false,
    false,
    false,
    false,
    false,
    false,
    false,
    false,
    false,
    false,
    false,
    true,
    true,
    false,
    false,
    false,
    false
  ],
  "x10_3": [
    false,
    true,
    true,
    false,
    true,
    true,
    true,
    false,
    false,
    true,
    false,
    true,
    true,
    false,
    true,
    true,
    true,
    false,
    true,
    false
  ],
  "x01_3": [
    true,
    false,
    true,
    false,
    true,
    false,
    false,
    true,
    false,
    true,
    true,
    false,
    true,
    true,
    true,
    false,
    true,
    false,
    true,
    false
  ],
  "x11_3": [
    true,
    true,
    true,
    false,
    true,
    true,
    true,
    true,
    false,
    true,
    true,
    true,
    true,
    true,
    true,
    true,
    true,
    false,
    true,
    false
  ],
  "pop4": [
    -0.2559848129749298,
    -0.8146071434020996,
    -0.37701746821403503,
    2.0520150661468506,
    -1.712066411972046,
    0.4050813913345337,
    -0.5561108589172363,
    0.44388294219970703,
    -0.4737723171710968,
    0.9102439284324646,
    -0.6061893105506897,
    -3.2712361812591553,
    0.41163238883018494,
    -0.22365951538085938,
    -0.6152961850166321,
    0.12092053890228271,
    -0.1599392592906952,
    0.16118088364601135,
    -1.2703641653060913,
    -1.3427045345306396
  ],
  "x00_4": [
    false,
    true,
    true,
    false,
    false,
    false,
    false,
    false,
    false,
    false,
    false,
    false,
    false,
    false,
    true,
    false,
    false,
    false,
    false,
    false
  ],
  "x10_4": [
    true,
    true,
    true,
    false,
    false,
    true,
    true,
    false,
    true,
    false,
    true,
    true,
    false,
    false,
    true,
    true,
    false,
    true,
    true,
    true
  ],
  "x01_4": [
    true,
    true,
    false,
    true,
    true,
    true,
    false,
    false,
    true,
    true,
    true,
    true,
    true,
    true,
    false,
    false,
    true,
    true,
    true,
    true
  ],
  "x11_4": [
    true,
    true,
    true,
    true,
    true,
    true,
    true,
    false,
    true,
    true,
    true,
    true,
    true,
    true,
    true,
    true,
    true,
    true,
    true,
    true
  ],
  "pop5": [
    -1.1400067806243896,
    0.9401882290840149,
    -0.5981858968734741,
    -0.933668851852417,
    0.1285455971956253,
    0.24286603927612305,
    -0.9221016764640808,
    1.0398646593093872,
    -0.007477021310478449,
    1.9222469329833984,
    1.0947719812393188,
    -1.0454673767089844,
    -1.0719300508499146,
    -1.7526421546936035,
    -1.0388301610946655,
    1.736973524093628,
    -0.751347005367279,
    1.003383994102478,
    0.06466476619243622,
    -0.04416172578930855
  ],
  "x00_5": [
    false,
    true,
    false,
    true,
    false,
    false,
    false,
    false,
    false,
    false,
    false,
    false,
    true,
    false,
    false,
    false,
    false,
    false,
    false,
    false
  ],
  "x10_5": [
    true,
    true,
    false,
    true,
    true,
    false,
    true,
    true,
    false,
    true,
    true,
    false,
    true,
    true,
    true,
    false,
    false,
    false,
    true,
    false
  ],
  "x01_5": [
    true,
    true,
    false,
    false,
    true,
    true,
    true,
    false,
    true,
    true,
    true,
    true,
    true,
    false,
    true,
    false,
    true,
    true,
    true,
    false
  ],
  "x11_5": [
    true,
    true,
    false,
    true,
    true,
    true,
    true,
    true,
    true,
    true,
    true,
    true,
    true,
    true,
    true,
    false,
    true,
    true,
    true,
    false
  ]
}