{
  "a1": [true],
  "b1": [true],
  "c1": [2.5365885420290954],
  "d1": [1.893572306219304],
  "a2": [false],
  "b2": [false],
  "c2": [2.130952955153597],
  "d2": [4.8568345908921495],
  "a3": [true],
  "b3": [true],
  "c3": [2.0289492404216025],
  "d3": [1.975177555555262],
  "a4": [false],
  "b4": [true],
  "c4": [1.4409521889906527],
  "d4": [3.811899796952846],
  "a5": [false],
  "b5": [true],
  "c5": [1.9167835392456802],
  "d5": [3.9868545493072216]
}