{
  "hs1": [true],
  "g1s1": [1.3901444673538208],
  "g2s1": [2.422454833984375],
  "gs1": [3.8125991821289062],
  "x00_1": [true],
  "x10_1": [false],
  "x01_1": [false],
  "x11_1": [true],
  "hs2": [false],
  "g1s2": [-1.5175350904464722],
  "g2s2": [-3.4186465740203857],
  "gs2": [-4.936181545257568],
  "x00_2": [true],
  "x10_2": [true],
  "x01_2": [false],
  "x11_2": [false],
  "hs3": [false],
  "g1s3": [0.5912275314331055],
  "g2s3": [-3.0114989280700684],
  "gs3": [-2.420271396636963],
  "x00_3": [true],
  "x10_3": [true],
  "x01_3": [true],
  "x11_3": [false],
  "hs4": [false],
  "g1s4": [-0.5807813405990601],
  "g2s4": [-3.0798542499542236],
  "gs4": [-3.660635471343994],
  "x00_4": [true],
  "x10_4": [true],
  "x01_4": [true],
  "x11_4": [false],
  "hs5": [false],
  "g1s5": [-0.6092356443405151],
  "g2s5": [-2.9136955738067627],
  "gs5": [-3.5229310989379883],
  "x00_5": [false],
  "x10_5": [true],
  "x01_5": [false],
  "x11_5": [false]
}